GrLivArea,SalePrice
1340,7912
3650,9050
1930,11947
2000,8030
1940,10500
880,6380
1350,2560
2710,35868
2430,88426
1520,6200
1710,7320
2920,4000
2330,14892
1090,6435
2910,9480
1200,9720
1570,6700
3110,7231
1370,5858
1180,10277
2240,10578
1450,8800
1750,1572
2730,12261
1600,6380
2090,10834
2360,7291
2200,11250
2820,67518
2600,4750
1560,8700
2860,3345
1820,5000
2820,8408
3630,42884
3240,33151
800,4850
1850,19966
1960,13100
2390,6550
1580,16215
1480,8625
850,6174
1770,2875
1210,9400
1160,9180
1970,35100
1930,10460
1270,1180
3310,42998
2710,37277
2910,35200
2710,4500
1800,23103
2210,9655
1920,10000
2190,125452
3660,11995
1320,1327
1630,1368
3310,6500
2680,5539
2730,54014
2540,5050
2920,6605
900,5000
1650,14054
1010,9945
2680,7392
2200,7350
2530,9933
2850,7130
2280,6010
1900,8744
1330,77972
1270,1175
2170,4000
2730,10281
2120,10202
2490,4343
1990,7712
3690,9892
2540,7000
1800,36704
2340,7048
2110,9519
1140,5400
1480,2185
1410,1240
1200,8063
3180,13806
2160,9000
2920,5000
2350,5700
1560,5520
2740,8426
1680,2000
3090,12750
1410,1332
4010,8510
3180,21904
2010,6000
1330,7500
2370,6500
1840,9240
2910,6479
2070,7519
4340,141570
840,5510
1240,9600
1390,4240
2310,5000
1050,10072
2550,71874
2010,3600
1120,9022
2230,4000
810,7158
3190,16920
1670,39639
1970,9389
1450,6000
13540,307752
1880,7838
1880,6360
1410,6030
1480,3844
1140,5250
1920,9306
2910,6338
3240,7857
1550,15040
2050,10200
2220,4000
1770,8640
2300,11700
1800,5000
2010,9211
1790,2700
2440,6651
1940,3211
1160,1438
3400,9692
4420,5750
1571,2017
1620,998
1408,989
3040,4535
4490,6000
1590,1426
2450,4247
1440,7680
1100,3000
1350,7740
2150,37981
1490,8366
2000,7000
1030,4400
720,6687
2020,5000
1580,8151
2110,13850
1300,7054
1630,7475
3370,8103
1890,6156
1520,7983
900,5160
1050,6874
1260,6500
3470,117612
2290,12047
2810,23400
1650,13816
1640,14374
1850,10109
2000,5390
1410,9647
1500,11600
2460,54885
1010,7034
1230,929
2331,3826
2240,7770
2450,10117
3100,15480
2060,5000
1850,7684
1840,10720
3740,32417
1420,8580
1510,6083
2130,6500
3490,6906
1630,11800
1790,7167
2000,5684
2260,29930
3030,7864
1310,8160
3880,14550
3760,10920
3040,8111
2910,9636
2970,11985
1660,6000
3200,12369
2680,18768
1230,9568
2740,45732
3380,8330
1110,6250
1800,3780
1900,5520
930,36478
1690,7735
1420,4080
4510,15175
1980,8000
1170,2400
2200,1970
800,8850
1480,1171
2890,5000
2690,4047
3569,8327
1270,1320
4490,10279
3040,6425
1170,1249
2060,8632
990,6000
2430,5203
4460,103382
1250,10122
1540,6760
1600,7000
1110,8423
1840,10723
2520,5401
2680,327135
3830,6988
2410,9549
1720,10018
2070,37904
1760,9055
1680,10500
1550,2400
4120,60392
1830,9548
1400,7410
1870,12381
6210,8856
1040,3500
2720,149410
1010,9360
1580,9147
2600,6050
1920,9180
2350,5080
1100,4373
2510,13695
3240,108366
2460,108900
1010,3885
820,2723
2420,8560
1770,8165
1350,3900
1960,4788
3305,16164
2550,5663
4130,226076
2310,13300
1650,5000
2650,4316
1890,5940
2190,8000
2030,6500
2270,5175
1610,4160
760,3001
1640,17335
1630,12295
3560,6480
2960,5500
1940,37565
1410,7566
1040,16986
820,6400
910,22000
3700,7647
2180,11200
1600,4271
1500,6180
1340,4284
1860,13374
2540,7200
1040,13100
1380,11130
1640,10762
3000,6000
2140,13000
1760,6428
1660,8307
1830,13042
2210,8556
1490,6600
1260,1270
4270,8076
3900,8391
1150,1027
2656,21195
2410,5003
1606,1452
820,681
1540,6872
2090,8354
3160,11470
1730,8320
1670,4080
2550,4630
3040,9601
1250,4620
2020,6236
2660,5500
980,5000
1960,8000
720,5040
1360,1349
1870,4950
2130,8800
1810,6509
2200,89298
1690,4500
1940,8547
2320,6270
2060,26036
3410,5000
2250,41688
1390,7399
1060,4960
1490,8995
2480,9195
2440,20828
2240,87625
1920,7229
1890,9920
2250,13515
1270,3008
960,1808
3290,6465
2000,6120
1020,8155
1840,9600
1980,6760
3510,5760
1230,3600
2280,65836
2430,12757
2920,3942
2280,2850
1510,43560
950,6000
1190,3000
1310,9282
2800,3200
1750,3354
1320,5750
2460,7350
1240,10800
1260,7964
2820,15600
3820,24166
1540,1614
1550,435600
1460,7700
1390,16000
2640,4080
1590,9620
1910,6960
2015,16807
1410,1197
1110,957
860,1277
2310,4729
1020,1060
980,1179
4230,37769
1640,11050
3810,13592
2790,10819
1750,5500
1430,8355
1850,4597
960,28717
2480,45302
3750,11025
2600,11951
1390,8700
2260,7753
2470,7447
810,7980
1650,6000
3000,11665
720,18000
1390,48257
1445,1606
1840,3300
2100,5824
1060,10464
1500,6337
1970,7213
1410,1253
3720,9450
2190,14439
1920,8075
1160,8320
5860,52889
2000,4000
2163,5883
3480,57499
2840,6268
1150,4400
3100,3773
1420,14850
2430,32496
1930,7452
1660,10140
1400,7293
2660,4000
2000,13300
2130,8078
1352,1694
1750,11340
2320,8100
1420,81892
1940,3784
1410,4800
1360,9948
1220,7250
2830,20345
3780,10308
2330,14289
3560,107290
1470,70800
3060,48787
1030,6127
1930,9653
1780,120661
2000,9202
1690,9583
5190,23716
1300,5413
2400,29252
1150,6634
2310,7490
2730,3047
2840,4500
1020,1525
1340,1384
3540,159430
7270,130017
998,904
3060,7015
2130,6969
2520,6000
1940,9533
1350,1250
2160,5298
1370,1350
5420,101930
2830,5000
2010,2287
3300,12090
1230,1391
1720,7119
810,2451
1560,8078
2560,216777
4700,38412
1220,2500
3650,20150
2170,12508
2540,228254
910,4500
2980,4930
2120,4650
3460,3997
2480,10090
2200,16921
1730,5500
2920,34527
990,8012
3040,6887
4530,258746
1370,8470
1940,4927
1040,2643
1800,8623
1720,5000
980,6380
3110,6142
2100,7715
2020,11358
2350,11914
3290,12329
2180,7813
1290,1334
1460,9750
1290,2828
2350,3150
1080,8100
2670,13463
3680,5759
1440,8040
1940,4800
1280,9898
2980,27144
970,8580
2110,5000
1480,1369
700,10540
2700,6120
2330,9687
3380,20021
2600,2750
1360,8100
2780,6369
1250,53143
2620,8950
1350,7620
2400,3340
2760,5000
3070,16028
2040,28593
1770,6000
3490,9170
830,1333
980,895
1570,1433
3270,5187
2160,6223
3280,11000
3360,7685
3150,7119
1810,1846
2740,7140
3830,35000
3190,5283
2350,10450
2510,8165
1680,4950
1770,6610
1090,7315
3001,5710
2450,4591
3610,59677
2250,7500
1240,7735
2260,6000
2090,8164
2020,7902
1960,5000
3120,16672
1250,7500
1490,9600
2890,2370
1900,33888
1680,2400
2030,8398
3740,8700
1580,11750
1780,6120
910,6232
3440,8100
1740,13750
3400,8970
4400,16625
2010,14298
2710,38180
5300,26211
1310,3880
1950,12559
1040,6535
1090,7200
650,5360
1480,6600
790,2640
3560,11119
3000,5548
3490,7494
2340,10495
1650,8254
1940,5820
3410,9600
1710,4050
2740,4000
1250,892
2450,42180
1690,8190
1950,13320
2290,7125
3370,17458
1090,8640
1190,9486
3530,7924
1440,5000
2180,13529
1410,6000
1950,8251
4860,23723
1660,7210
1390,12823
1350,14200
1530,5401
1270,5112
2140,6355
2040,5616
2876,5086
1580,1161
3400,5196
3520,6773
2210,4861
2790,5602
1450,5008
1620,4980
1220,1086
2000,5000
2190,7350
1900,8250
1700,4400
2540,3832
1170,8925
5774,31675
2120,15003
2170,26460
2450,15002
700,5200
1780,7214
1850,8250
1570,5706
1290,5500
1700,7314
1159,4800
1850,9600
840,3522
1690,1618
1050,9876
1400,3825
2550,7200
1840,5011
2360,6750
2240,14667
2700,4004
3030,30007
1830,5120
2220,6049
2090,7640
1600,6120
2010,8625
830,4000
2010,7226
1050,5402
2150,39449
860,11900
3100,20553
1100,17334
1830,8000
1250,34395
1820,4883
2090,42689
2100,12384
2310,14023
2060,5649
4470,60373
1660,7500
3810,8019
2110,10200
2370,217800
1970,3716
2470,33305
1480,7830
2257,10117
700,6000
1630,9010
3430,10157
2220,6000
1340,7473
980,2130
2580,13096
2230,4541
2290,11137
1260,8280
1680,11180
3200,7081
3320,7644
3040,24123
2270,7375
2910,17172
2510,9887
1240,7200
2580,5200
2470,3600
4910,9444
1690,5025
2240,12032
1650,7352
2710,5880
1260,10350
1150,8100
2550,7636
1490,6930
2020,7865
1320,4520
1230,10350
2070,7800
2930,11562
1090,8520
1400,7066
1550,4815
1220,13000
1870,7344
2150,30476
980,3090
1490,8475
1120,7000
1180,9630
3240,20301
2150,6807
2240,10800
1400,7384
1980,40887
1330,20562
3200,7535
1490,6000
3920,16258
2000,3750
2680,9185
1670,9987
3150,9130
2740,7266
1890,8000
2870,29699
1160,10384
3550,19865
1790,6117
1680,250470
4560,17622
1590,7748
1630,10304
2700,7434
1700,7496
3740,12080
1980,5352
880,6345
1400,6200
2050,4000
2360,4638
2560,7798
1340,10224
1060,5200
850,2500
1880,7303
1230,12305
2290,10290
1660,6582
1840,2875
3020,17810
1410,6886
1010,9514
1960,8136
3580,14275
2240,7200
3310,5404
1232,1130
3930,5680
1720,3600
1490,974
3150,151588
3950,10856
3030,10335
1070,9643
2320,36847
700,5100
2720,6439
1800,5761
1560,4049
1760,11410
3120,5000
2020,7200
1450,2400
1860,7000
2270,7800
1480,15639
1460,6032
1850,6519
2170,5000
1726,197326
1180,10541
1370,9957
2670,13218
1260,6826
1980,7991
2050,3933
2830,5310
910,3600
2440,4000
2180,5440
1900,6660
1520,1221
2220,6641
3280,24440
2740,83199
830,6017
1010,5200
2060,38377
1990,7340
2280,7568
1870,5874
1720,4000
870,6150
1020,1204
1260,3135
2370,7875
1000,18513
1100,1751
1440,7673
3120,14300
2260,9604
2790,7956
1140,6700
1290,2500
1730,5200
3160,11380
2340,8990
1170,4950
1160,5000
1970,24318
6490,10862
1410,1377
2430,5000
3360,5402
1480,1663
3200,6455
2134,1984
1860,1787
5520,8313
1310,1500
1700,4250
2480,8342
1970,8605
2060,7475
2130,3500
1410,14110
1360,4688
1940,55756
1610,2040
1420,9191
1700,7280
1490,3825
2680,7757
3190,8684
2120,7700
1690,3250
1830,8601
1010,1968
2070,9300
1710,4500
1660,4690
2080,13629
1270,9675
1080,21043
1610,5100
1120,9912
2500,5257
970,7275
3370,5000
1290,189486
3370,435600
3410,10769
2490,8290
770,4000
810,3211
3060,10043
1690,1613
1890,3825
1470,3128
1060,7193
3480,59242
2730,3560
1580,7941
2170,7900
930,4743
1580,7800
3290,11900
2110,10698
1670,3565
2030,7350
1500,4100
1450,1445
1310,8250
4180,49222
1630,28600
2660,10452
1720,1916
1260,1240
1610,12247
680,8064
2640,5900
1640,7200
2310,8045
2010,4905
1660,4680
2200,3360
2460,4200
2430,23400
1370,7500
1800,10200
2200,7706
700,2334
1920,15124
2190,12687
2030,9791
1350,2053
1680,2096
1250,10530
2240,6000
950,7620
2320,3174
2380,9374
1540,958
2100,9752
2500,4945
3230,7331
2830,5802
870,5340
2690,28300
1260,889
2680,10000
2660,4975
1480,5120
1770,33132
950,7692
860,8308
1960,7560
1770,5522
1280,6060
2150,12028
1790,4000
1990,10260
2430,4781
2820,13193
1910,8190
1270,1213
2050,3960
2150,4505
2450,13300
1230,1280
2260,41984
1050,60113
1570,7775
1820,9350
1540,4025
2060,44866
4380,74052
1090,9900
1480,7225
1320,4440
2140,10350
4560,16643
2800,9764
1050,5000
1490,9630
1730,6375
1210,3760
2800,8494
1570,1050
1400,31626
2850,7861
1880,7200
790,8424
1300,4000
2120,7735
1540,4773
2620,13777
2880,3192
1680,4021
790,6969
1092,7500
1650,9936
2090,4700
2180,28710
1990,6671
2650,7945
4460,16953
910,8000
2770,10773
2390,6888
3050,158558
1700,4000
3200,43560
1200,4500
2220,6953
2480,9041
2560,12100
2500,6300
1150,4000
1650,7775
1140,9628
3400,8965
1180,43124
1700,4105
1240,11200
2890,12478
1060,10050
1590,10523
2860,5682
820,1060
2020,8118
1870,9680
2170,4905
1600,6765
2090,4300
1700,6025
1940,6909
1320,8625
3500,13875
2800,5120
1080,2940
3550,8048
2010,251341
1690,1468
1270,1443
1970,2377
3160,8097
1210,1200
3120,5086
2670,8765
1640,1204
2303,3680
1800,3168
4460,2975
1590,2656
3070,4684
1330,7200
990,6750
1900,5790
2020,1159
2000,9416
1100,7600
960,40946
3488,9614
1890,9466
2030,8120
1380,7350
3660,5800
1870,3230
2080,12007
2450,14803
2750,6180
1240,4842
1900,7604
2540,6093
2100,10362
1790,2250
1170,7258
1060,9126
1930,6120
1540,7947
2876,13927
2150,7484
1140,5500
980,7790
1230,13056
1390,10905
2380,6250
3690,7200
3010,1074218
1250,9126
2290,6120
790,5240
2720,6014
2550,8632
1080,3899
2470,9620
850,7710
1990,8991
1800,10500
4850,36450
1020,7874
2420,49928
2910,5776
1060,9039
2340,6420
1800,5453
1660,6150
1300,62290
1780,23819
1030,4841
2790,5420
1150,3000
3290,11446
3400,247421
1200,4000
2160,8005
1450,4000
3240,3600
1470,1691
2360,5226
2230,9053
2630,48706
1010,25000
1445,1471
2380,6000
2830,13059
3010,46173
2000,9000
2020,3600
2030,6326
2550,11160
970,13700
1540,12446
1396,111949
2780,7875
2220,8797
2350,13402
2760,40946
4460,26027
1440,4421
5330,6000
2220,4228
5305,8401
3880,13095
3810,8519
1960,1168
1530,1131
3250,34293
1750,7208
3440,35021
1170,14149
870,5330
2930,18199
3160,12824
800,3330
2350,8001
1060,16470
2060,12558
1560,1750
3000,42200
1660,4800
1650,5100
3220,8936
2320,7500
2750,14982
910,6000
840,867
1470,1578
2040,10812
1100,4046
940,8532
1110,10500
2200,8100
2860,59612
740,11250
2740,8520
1250,7300
3140,8060
820,10270
2570,7264
2350,8140
3600,9200
1580,8000
1070,5824
1070,6109
1640,5000
2890,12130
1220,7876
1400,4500
1040,6250
980,10640
3340,10890
6040,219542
1900,1612
1740,7292
2000,3207
1610,7200
3240,13978
2230,9600
1160,2174
2410,6000
590,10945
2600,17388
2170,8240
2080,4000
2860,12394
2980,8107
1230,987
2260,7005
2200,14925
3030,12590
1060,1600
4260,18687
998,844
2052,3723
3150,6202
1950,7221
1347,1292
3860,5474
5060,10320
1360,885
2760,6000
2420,4670
2450,4332
1280,959
1550,3569
550,1279
1520,1588
1670,4005
430,5050
2380,9614
960,9633
1920,6862
3680,5854
2530,9200
3840,16905
1240,3600
1300,11867
2380,12067
1300,44431
780,13500
1810,39639
2420,12676
1280,2580
1680,6500
2510,5400
1700,8645
1680,3420
820,59677
4380,42769
2600,10092
3400,7452
2120,8399
2250,5700
1800,5612
2210,7620
1560,4080
2430,20720
2560,36601
1960,2500
1110,9762
1030,4500
1350,11507
1540,1827
1830,9600
1930,15531
1650,9641
3510,12905
3370,7920
2390,9157
1230,8114
2830,213879
1620,7540
2290,6250
2840,13367
4220,196817
1080,10500
1620,8645
4390,11600
1620,3975
1010,11244
1750,8476
4080,217697
2560,10400
1120,5500
4740,172497
1340,7788
1590,6750
1430,5000
1450,8960
3500,7200
1630,8702
1814,5000
580,7500
1670,4572
1140,8282
800,6380
1300,2580
2440,7155
1490,8371
1800,9550
1830,9152
1500,3920
2210,6080
1270,1323
1140,1730
1620,1173
1220,1186
750,1430
1960,9300
1370,3000
4580,4443
5584,68257
1010,4320
1260,6908
1740,5782
2670,10026
720,7200
2460,4399
3670,7000
2630,3435
1570,8459
2980,28000
1560,4200
1620,7410
1140,5000
2730,19877
2130,35169
1780,4050
2100,3916
1140,8800
1690,9144
1160,6000
1720,6270
1210,3328
1255,1374
880,7683
1050,9206
1650,12940
1570,9467
2920,7200
3000,4000
1850,7735
1440,7741
1440,8775
1810,12375
1180,9350
3070,5850
3390,5211
1470,6120
2680,7200
2290,10687
1980,8100
2870,9292
1840,4750
4060,13000
1630,8018
1880,5400
1780,13095
2330,6250
1840,4030
2330,10750
3200,6473
2330,1987
1950,8868
3080,4815
1040,5527
1960,3565
2750,3800
1930,36210
4850,40902
1982,6406
2640,4050
1850,50662
1940,9144
2840,7199
1900,10226
1410,6400
2520,8515
3160,9525
3720,29043
1820,1501
1560,8640
1600,5952
1230,11502
960,8100
1270,4000
2810,7700
2160,5581
2520,2152
1180,844
1810,4970
1680,15711
910,5250
3250,5797
2000,7294
3790,19000
2310,78844
2510,6339
1320,6205
2370,217800
900,7500
2540,7680
2100,9288
1200,6250
3720,15200
1760,4539
1670,7415
2420,8252
3480,15185
1630,4473
2340,5600
920,3780
910,6490
1150,4945
2500,4774
3250,235063
1930,6600
3400,234352
1590,2550
3330,7399
4590,14685
2610,7256
1658,2700
1600,1431
1296,1051
1280,835
5940,11533
2510,5311
2710,3475
1750,1548
1430,19901
1660,34848
1320,8865
2580,209523
2740,43101
2495,4400
2300,24773
1300,12240
2230,10414
2020,2750
2000,3800
1060,8187
2080,4800
2030,24829
2690,7000
3240,10800
1550,12920
1480,3132
3040,2800
1560,7300
2250,3757
1100,4600
1700,6356
2680,28014
800,2296
1350,6315
820,7680
3160,4270
1720,28000
1680,6755
1300,7958
2190,10370
1720,4006
1160,11776
3150,34830
1210,8075
1980,5100
2990,5669
1430,9600
2060,4030
2230,52983
3090,18645
4250,23326
1970,23180
1700,3171
2510,5503
3610,17580
2980,7000
1610,6480
3650,6982
2510,38141
1110,6000
1650,6150
1980,12150
880,1157
1490,9800
2520,5400
1820,22320
4140,9066
3420,8405
3150,7277
1580,7416
1660,8281
1100,10125
1270,3200
1450,6250
1830,9485
1300,4127
2320,5500
1680,9545
2300,5500
1400,4000
2410,4560
1480,7480
1390,9624
830,2699
740,9003
1940,6000
1340,15600
4440,6480
800,6240
1310,9645
2330,4000
1400,1243
2360,4367
1840,5752
2680,7178
3890,7140
1400,8640
2400,9701
2920,46355
1390,1302
1680,11193
2040,8800
1080,4000
2280,4280
4490,5099
4700,9160
2798,4473
2810,5400
3753,7204
3910,8095
1050,1609
1600,4300
2590,10002
1720,9753
4410,14034
1590,11914
2440,22594
1360,1016
910,7000
1390,7200
1470,14821
2920,9904
1950,52256
2390,4555
1270,11600
950,7560
900,423838
2280,6660
1010,5490
1260,5000
4730,13586
2620,21587
2330,4000
2170,2440
2450,9488
1880,7632
2300,3400
1240,14404
820,3844
1530,6375
2900,12160
1240,3867
4140,13392
2240,7725
1480,5000
2270,8876
1250,6250
1930,9747
1700,7800
1590,6420
1880,10000
1640,4240
2600,5085
710,1173
6980,15682
1460,5040
2080,9827
2630,9216
4430,21000
2760,6850
1670,12056
1990,4725
2600,5238
1320,1824
2240,3800
1960,8680
2590,108900
2620,6707
2770,9136
2110,10005
2290,4539
4960,6000
1110,26051
3310,6166
900,8580
1940,7313
1590,7617
2930,6050
2040,22653
1000,905
1730,1229
1220,4800
3060,12095
2910,5000
1050,5850
1560,7352
1680,3000
4140,20734
1550,8509
5700,20000
2200,7278
1740,2500
1210,9525
4240,25639
1590,11745
3420,7200
3190,11375
1920,5405
1340,4664
1700,8400
2310,3570
1510,44000
2670,10082
2060,8470
2090,6000
3090,23265
1240,1546
1860,3690
2000,7350
2500,92347
1820,20349
1820,8058
1060,5750
1950,9906
940,4800
1220,3568
4180,17935
1200,9800
3990,18897
1880,7560
2280,7200
2580,11000
2600,4674
3150,13700
5550,28078
2220,4000
1730,31491
2840,4120
2560,8780
1330,6000
1890,5202
4290,37607
1540,54450
2340,50233
2180,10230
2780,11964
2620,6019
3760,5000
2720,4738
2675,40910
2080,13189
2460,12028
1960,3480
2550,6256
1760,1146
1620,7330
1790,12000
3480,7232
2780,9900
3640,8239
750,4000
960,6634
2030,8880
2930,5569
1380,1073
1720,5525
1210,4800
950,4250
1710,4234
1410,12282
2910,7631
2220,7064
3160,13238
1380,4500
1760,5000
730,3000
2460,5000
2160,6272
1990,4600
3740,39640
2710,5500
2680,7836
1850,7560
3190,7869
2730,5832
1840,9990
2720,10000
4370,8510
2290,3475
990,4802
1140,2980
1840,4337
1110,6800
2150,9070
2230,5750
1170,6000
1960,7200
2610,9002
2130,8721
3020,43560
1670,5400
1890,7004
950,13475
2430,14400
2360,6000
1510,8301
2080,4828
1750,15500
1810,4064
1790,11875
2340,11034
1690,9626
2070,7476
2240,6396
4500,21780
2770,39927
1010,7245
1120,6900
3020,21441
4400,186846
1990,5650
1450,8820
1920,8497
1175,1366
1320,13200
3990,3839
1140,5720
1720,4240
2150,9915
1790,8203
2210,6327
2180,7519
1410,1290
1950,3600
1495,936
1660,6000
1950,8130
2550,5040
1370,3850
2200,4000
1250,6041
2220,8872
1620,4200
2250,26337
1720,99916
3030,9687
1030,9120
2190,4882
1440,5600
2170,9600
2930,3200
1180,9048
2360,57514
1660,8797
2390,9313
1360,5120
1840,3500
1800,43647
4130,12320
2220,132858
3490,9680
1830,5175
1550,4000
2050,9000
1230,6600
3150,5886
3800,33825
1350,3068
1530,8700
2290,2798
1480,15641
1970,10270
720,4840
1080,7236
2790,45902
2040,7488
1320,8220
1680,57063
2140,4923
1660,9600
1540,5338
1880,10758
1250,15603
2120,137565
1810,3000
2370,11172
1970,4036
2110,4099
2080,10521
3720,12384
1370,5125
2961,12146
2090,12112
2600,7210
1870,9000
2620,9873
2430,54059
1340,16480
1170,10621
2000,10182
2070,12000
4590,9150
2550,4623
1060,9600
1220,5000
1790,7203
2060,4040
1140,1182
2870,12648
2550,33740
2790,10125
1110,7962
940,5375
2880,18296
1200,4800
1030,4958
1240,2689
1200,9566
2780,4002
1765,7652
1960,14242
2680,11214
1410,7622
2240,3712
3120,7644
1450,4706
2340,5002
2481,4045
1530,1602
1250,7500
560,12120
2200,7475
1460,10584
1650,9380
3200,17204
2560,41346
2080,4252
1070,7140
2190,12626
2060,15837
2640,8000
1720,8755
3880,13885
960,4920
2340,59058
2660,13367
2090,4725
1820,4910
2310,8030
920,14400
790,13062
1500,6800
1240,11108
2730,36183
1170,11000
3410,9088
2700,9320
1650,7800
670,2378
1670,7757
1530,10731
1500,7615
1720,7200
2920,11440
910,4500
1050,4160
1540,7800
1210,7440
2650,11455
1990,3990
2660,8737
4060,9734
2300,23345
2630,16411
770,8149
3790,10669
2540,7210
2500,8500
2150,7303
1670,9600
1800,12669
2070,12708
830,2820
2370,9619
1010,5400
1420,4500
2120,8701
2020,7029
1520,2208
820,6250
1690,1553
2260,11305
1830,7897
1350,11150
3280,4000
2770,45514
2770,8642
2460,5091
4720,32467
1250,8100
1710,7225
1840,5101
2000,5962
650,15364
1020,9072
1500,18540
2060,4399
1810,29308
3810,28176
1650,4000
1540,704
2080,5244
2430,5500
1750,10284
1770,33224
1710,2300
2740,88426
2730,17240
2437,5136
3290,6203
2910,5260
1630,7599
4410,5104
1780,1487
1540,1487
1420,1189
2680,9750
1750,9750
2170,4912
2390,9966
2400,5350
1690,4250
3250,6000
4610,40202
2440,15349
1290,3870
2000,4676
1050,7500
2340,3784
2210,7665
2920,5568
3150,219978
3590,6402
1910,5000
3110,35235
2440,4750
1330,8400
1460,22651
3902,3880
5180,17811
1150,2064
1920,10403
2520,53143
970,3400
2490,7666
1680,8424
1150,4825
1980,7931
2070,13084
5660,193593
2420,10962
2610,4781
2810,10840
1510,10384
1910,4800
1700,51649
2020,10720
2340,4206
1463,868
1430,3840
1180,12324
4400,15580
1610,6176
1480,14250
2670,10338
1830,29110
920,4095
1150,19200
1190,7408
4160,35654
2370,12753
1660,3800
1480,8381
2390,6426
1690,1432
1010,7560
3500,8547
2330,7642
1890,9450
2000,6032
1130,10650
1670,9886
2600,5540
1560,31299
1170,5360
2100,4237
1710,11500
2420,5773
1370,4000
2660,3900
2260,3713
2070,4500
4670,43950
1500,13500
2658,3960
2700,5150
1530,1245
1480,1485
1390,1080
1660,3990
2050,4185
1550,7740
1900,8600
2820,6180
1490,4080
1750,12500
2040,6034
1900,5000
1910,12596
1560,14333
1470,6250
2700,9994
3450,11240
1970,9600
2670,12187
2550,13458
1720,4011
4270,6002
2170,16600
2840,9354
3270,50994
1480,7040
2440,8000
2880,5750
1730,9610
1260,4080
2230,9900
2460,16940
2050,94525
2030,2805
810,4800
1840,8100
1730,40250
2280,6815
2630,6326
2270,23900
1020,7020
1990,2175
2680,15508
1980,3300
2400,6975
780,5000
980,5000
1210,103237
4600,19831
1480,1961
1320,14250
4400,18500
3010,3600
2260,9568
1880,14653
1370,9900
2720,3800
1740,5400
2560,5593
2690,5557
3240,5562
2430,4747
1405,1073
3030,7679
4150,8436
1730,2940
3820,53173
3070,6432
1780,4169
1811,4381
2450,62290
2300,7398
1440,3225
2370,9360
4420,7850
1300,3550
2870,4369
3400,7200
1410,5060
1640,13500
3190,7399
2380,13435
2260,4165
1240,8050
4220,26784
4250,19387
1860,7963
2850,10474
2470,36445
2210,8000
1920,7665
3150,7778
2700,7875
2190,7149
1380,951
2520,5753
1300,8800
2220,6500
730,7528
3300,15907
4130,112521
2670,47480
1980,5909
740,5995
2050,3520
1230,7500
1210,1420
1890,7200
1870,6275
1330,6301
1590,35988
1710,10800
1200,9000
1140,5100
2240,8153
920,6600
800,5000
1980,11443
2800,12831
1680,35127
2330,9928
2240,9886
2140,8925
2170,14024
1150,8686
2030,3905
1350,11805
910,4635
2700,5100
3730,15029
2740,16007
2050,5000
2390,4500
1990,7252
1300,21000
1330,8912
1000,31505
2190,14937
1380,3402
2610,33206
1060,1241
710,1136
2730,4800
2470,131790
1760,10780
1530,3464
1610,158558
1030,21712
2800,246114
1310,2550
3160,34560
2500,8304
2070,5386
1980,9000
2590,7237
1910,16320
2630,10100
2630,77972
1960,4400
1440,45302
2210,16200
2350,63162
1590,13000
1500,1249
1900,6224
2370,3692
1720,1715
2020,7560
1340,1210
1800,2700
1480,1590
2750,7807
3760,28040
2540,4694
1760,26055
3000,25341
1930,9643
3040,7000
860,3880
1420,7650
2080,3880
1560,4200
1960,7133
1620,4500
3670,10583
1930,8400
1290,1286
1970,15247
1540,6909
2180,3870
1490,224334
2220,10275
2430,9133
1392,43710
1120,2685
1390,10800
2040,7281
2830,7500
3020,8302
2290,14800
1210,11100
2510,6320
2320,4322
970,6600
1820,5500
970,7742
1740,3622
1590,7560
1380,5000
1680,11123
1220,3000
1651,18200
1330,9200
2940,4622
1410,1246
1100,3598
1530,7200
5270,17232
2110,5150
1720,8750
1800,5001
2210,9427
2560,9731
1010,7719
3340,12248
1740,11075
1320,7200
1520,8625
2010,9480
2440,3427
2550,20875
1010,9450
1780,6771
2180,4976
2750,7500
3490,7024
2550,45254
1870,7189
1150,8184
2050,11856
1940,6555
3630,6000
1890,9100
1630,10375
2440,5000
3100,9825
2090,6045
920,9812
1580,5000
1760,8400
2530,7563
2490,9714
3870,35889
2732,9500
3230,3825
2930,14980
3510,9364
2580,3909
1060,1208
2790,8853
2009,5000
2880,8364
710,1157
2070,13241
1370,8336
1730,8400
1680,5000
1350,10096
1510,9078
1860,6607
3440,4500
4250,4400
860,3874
1640,4080
1295,1093
1790,27427
2210,6300
10040,37325
940,10368
1160,8906
1990,3984
1050,6300
1030,5750
1420,2581
2690,4000
3760,29224
700,4700
2100,5107
2240,27820
3470,32109
3370,19585
2790,230868
1870,4060
1520,15090
750,20339
1460,11407
2600,7465
3320,11901
2340,6000
890,7200
1720,5899
1270,1318
2180,7203
2030,13500
2490,17833
1470,5350
2500,7378
4500,21870
1460,1592
620,8261
1550,3680
1430,1002
1360,9760
2210,7557
2460,5100
2180,15693
1570,4875
4140,24190
1140,5500
8670,64033
800,15000
2414,7693
1160,8813
3170,10688
4210,17258
2060,4437
1640,7201
720,6686
1860,4736
2810,10986
2090,9702
3280,6181
2090,3610
2430,14607
2520,49222
2510,4125
3370,6675
1640,5280
2250,7294
2300,19250
1650,2262
710,1131
2550,8698
982,846
1630,2520
2550,4500
1240,2150
2456,7566
3200,20158
3950,111078
2180,7297
3140,9225
4030,10800
1970,7972
1940,7642
4860,9453
3064,4764
970,5665
2460,44431
3010,6100
2460,6600
2080,11375
3960,7012
2490,8124
2060,6000
1330,15678
1600,19200
820,10450
1200,7680
1050,5664
1910,1501
1800,6000
2060,8640
1840,9697
1250,1103
1510,4032
2300,4600
1490,7560
2820,4608
1130,7840
3200,7500
1510,5000
1970,7500
1210,5750
3280,27441
2420,17859
2460,6846
1180,11862
1900,6400
1651,1779
2130,11843
1430,3000
5730,44947
1910,9244
2110,11250
1630,3780
2470,35073
2640,31941
2990,7420
2120,9736
2050,6420
1880,5000
2790,12523
3000,7500
2140,7245
1769,9300
1710,6556
420,6720
3270,35445
2370,10858
1770,5855
2210,8465
1710,4140
2710,4750
2340,2970
1220,17172
1060,9525
910,9869
1880,3880
1870,5200
1480,5400
1880,7000
1890,6000
1560,7392
1070,1200
4410,14380
1470,1235
2570,3600
1170,1011
2320,4960
2440,9600
4120,22370
1440,5680
1340,11070
3010,4360
1840,8601
930,7550
4070,115434
1820,9545
1280,8184
900,4600
1980,13503
2010,7575
2750,4800
3140,10875
4200,5800
1900,8540
1830,3000
3320,23760
2700,10814
1290,6566
1500,8173
3650,48351
1270,6405
2630,39000
1800,26615
1870,2807
2540,6365
1930,8660
2770,13500
2220,5338
1650,9957
3670,54450
3770,35081
2350,20820
1210,5240
2010,7972
1580,6065
710,7200
1910,5040
1880,7965
2280,641203
3100,10014
2350,4000
1850,6869
2070,8337
2020,7070
1580,12177
2690,7947
2420,10285
2540,6660
1150,30184
3210,12000
2040,4627
1920,4833
1900,10588
4310,32093
1070,1155
2790,43091
2860,4442
2250,8800
3170,3000
1460,7200
1540,3399
2910,6600
1180,13927
1640,7437
1520,19672
3610,9775
1400,3814
3200,3250
1384,1287
1410,1287
2050,5276
1750,4779
1510,6710
1930,7214
2960,41656
2920,11880
1980,5000
1430,8865
2450,4187
2360,4924
1890,4838
2140,9484
1900,8100
2700,9122
2430,8000
1110,12150
2280,15347
1550,4708
1530,8925
2440,28405
1760,9602
3040,5000
1070,8100
1990,5560
1090,4000
1890,6938
1000,9150
1770,8235
2360,6250
3380,108900
1700,3150
1600,4000
2050,6360
1210,1040
1940,6355
1810,8750
1690,4080
1800,2970
3280,6603
4290,175421
1150,9600
880,1805
1720,8100
1510,8000
1240,3000
1580,9581
2170,7737
2500,4950
960,2640
3030,8507
1540,10800
1890,32340
2810,9800
3530,8400
1100,8536
1940,9775
2300,9521
2110,3600
1220,10580
1750,12325
1230,8056
3100,23790
1830,65340
2640,7096
1840,2774
3190,14565
1120,2000
1760,6723
1590,9912
2120,9603
2240,9826
890,2100
2940,5432
1220,7300
2670,7500
1120,2300
3130,139392
1740,7500
3290,5414
1770,5720
2960,5054
1200,4880
2400,6000
2690,6164
3550,11780
1310,12196
2610,4160
2760,8015
1410,7998
1960,7950
1212,1174
2220,9496
2040,109336
2800,19168
2040,6000
3070,34412
830,26329
4140,7089
2340,4500
1420,1282
2670,3738
1880,6008
3450,6184
1200,1400
3430,9870
1350,1186
2570,9962
2840,4637
2650,5600
1980,2674
1280,7524
2610,7091
3010,12611
930,7129
1180,7000
1710,9100
1380,7476
1190,7280
1870,5909
3130,4797
900,5100
1880,7400
3010,4887
2280,5750
2970,21907
1620,3196
1550,3000
2240,78225
2830,6536
2890,21780
1990,5948
1370,8719
1088,1360
1740,9344
1730,9000
1800,8100
1440,12888
1720,2800
2800,7350
2300,6009
2030,11585
740,6180
9640,13068
1920,13787
2490,12929
1380,4800
1530,9406
2420,1923
2150,37647
1610,9600
2650,3060
2700,35362
1270,20700
3150,38865
2010,10760
860,5060
1410,7466
1700,7532
2570,6251
1230,932
4170,9748
1180,1262
1430,7347
1450,8400
2180,7700
2210,7079
1480,7276
2340,3477
3860,18334
2300,4637
1450,7375
1380,953
2470,3811
2030,18295
1440,13300
1160,6134
1580,3840
1430,1425
1494,19271
1930,7207
2740,6360
1880,3800
2590,7720
2140,11266
1870,6000
1230,3800
2340,6896
2880,7599
880,6600
3040,7232
1120,7104
1380,3600
1660,9760
2500,5568
2940,10382
1670,3315
2630,7505
2250,7412
1320,7000
4100,22798
4340,4947
3700,20570
2700,10875
980,7200
2650,11520
3670,4000
2960,12420
3070,7201
1413,3600
1260,1347
1680,2229
1230,1238
4360,6240
4420,16526
2770,6278
2910,10204
4290,12103
1600,26977
1820,6753
6050,230652
1700,8432
790,11234
1720,9000
990,10723
1770,9011
1260,8092
3640,10576
2040,6000
1980,10800
3600,17300
4270,43386
2030,9600
1689,1388
2870,4461
1270,4800
2790,7938
3850,16249
1560,9361
1180,4080
1820,8118
1260,4500
2640,6715
1100,4200
1950,6871
1380,8682
2200,7000
2050,7100
2795,15101
2050,34222
6430,27517
2150,7171
1970,8200
2660,12672
720,4800
2410,4780
2020,5500
1080,9435
1180,14292
660,5000
2920,9370
4850,12445
1080,8580
1670,6900
1370,5080
3450,28324
1970,10500
2290,6738
2240,7543
1240,6400
2420,43177
3260,58806
670,10920
3160,10000
1990,6350
4680,9700
1700,3575
2807,9430
1770,9375
2570,9000
3450,16200
1670,7700
1050,6150
1910,7683
910,7700
2480,12070
1820,8867
2920,7700
1870,11411
3810,9792
2190,4080
1730,6368
2220,9360
1320,8114
1510,4800
2120,4080
1690,4500
1360,1419
3250,5000
1490,1294
1930,6360
2020,5501
1584,2800
3170,8523
3870,10046
1430,923
1380,1120
2610,4595
1540,1428
1940,9000
2160,3000
1530,8750
1440,7210
2640,8625
3620,5131
2850,4650
1260,4377
1610,11200
1360,5980
2496,8058
2160,9593
1320,3625
2540,7089
2620,18362
1140,8340
1790,42399
2440,3600
2140,7200
1330,5412
2590,7910
4750,13912
1620,9205
2440,34290
2020,10744
1470,7200
5990,10450
2520,9324
1440,4225
1640,7350
2150,20181
1570,8210
1980,10350
1210,4731
1900,3000
1940,219527
1310,8065
990,39964
3870,3819
1340,4320
2160,5600
2080,13510
1300,11374
2610,8031
1050,8498
2480,6112
1820,8255
1170,8740
2370,6000
3090,7415
2310,11200
2060,10358
2540,237402
2400,7693
1320,8450
790,6600
1790,14690
1820,7326
1670,3000
3990,9938
1430,6000
2030,103672
1290,3060
3820,13224
2520,3360
3880,13000
1590,5136
3530,9385
1610,4611
3280,209088
1860,15681
1840,5000
2120,7201
2270,9247
2840,48716
1220,9600
2310,4079
1840,7300
950,1110
3070,8400
1730,38884
920,8341
3200,6699
3010,15992
1600,10240
2840,11044
2430,10500
1750,11461
1240,949
1530,1612
3390,10078
2320,6775
2650,6884
2238,7209
2620,7553
1910,7280
3040,6587
4640,15235
1500,4000
380,15000
2970,14486
3030,9273
1890,12236
1040,3600
2090,10306
1680,5756
2770,7781
1020,5130
1470,4653
1430,3480
2050,10920
2080,5500
2870,8170
3940,27591
1520,4288
1700,14133
1940,11612
2870,5453
3240,8338
1150,7156
1440,28516
2200,4080
1470,8089
1760,4400
1780,8085
2450,21000
1890,1710
2540,5612
1360,6000
1310,2841
1510,7884
1860,60960
2200,7700
3360,11548
2470,10125
1260,3960
1430,10005
1230,7420
2320,11717
3290,6628
2550,4770
1870,5013
3110,12429
1820,8085
3050,18892
1890,6302
800,16306
6900,244716
2670,189486
3260,11700
860,6600
3366,7800
3840,4800
3850,13551
2040,8265
1790,10209
3740,30884
2660,4000
3230,17833
3140,10437
5480,10800
1160,3750
1860,11227
1630,7626
1750,1879
1300,8160
960,7314
1850,7777
3260,4900
2420,7927
1460,10000
2240,8504
1240,27042
2060,9552
2280,10319
2510,6853
3150,7035
2780,10192
2380,4080
2140,3000
840,4239
2170,9665
4410,36200
2120,11479
6630,13782
3290,22649
2290,7420
4910,43560
3730,8014
2440,4800
2570,4600
2970,4400
2630,3149
1530,1565
3690,8837
1230,1820
2200,20000
2330,8994
2160,6300
1550,9176
1780,2788
2610,5544
3290,6830
1330,6000
3530,14406
2090,6023
2040,8400
2370,10083
2810,10613
2050,40003
2870,5000
2130,7300
2580,6260
2380,13550
1940,25600
1610,17600
2060,5750
1010,3000
2810,11120
2380,11824
1060,7200
1560,7207
1500,8645
970,4560
1170,11100
2280,7417
2800,9569
1150,9360
2180,7956
2520,7253
1760,7482
1180,6552
950,4625
1900,3255
2300,6158
2660,8400
1530,389126
1850,5040
4230,20377
1200,5029
2270,5102
1090,9600
1100,750
1640,1269
1950,8625
1660,10150
880,9238
1500,1375
1890,1599
1150,5100
2430,15264
2110,7208
2950,12196
1650,2958
2110,11319
2010,19000
3030,29163
1270,8400
1610,8613
1140,4200
2110,4118
1840,8086
1560,5223
1840,7412
1830,7345
2120,7420
1600,10280
1450,8891
1880,12821
1270,8100
1720,6417
2400,7351
1150,8145
870,11100
2000,37045
2420,38781
1080,6000
3420,30410
1870,7471
2500,206474
2150,8221
1470,2500
2130,4180
1000,19204
2390,7149
860,2599
1960,12476
2000,6107
1620,9450
2890,8122
1300,12731
1080,3500
2170,8518
2260,10153
1580,8820
2620,4469
1540,1860
4570,74487
3440,7661
1740,8750
2160,4333
1480,6978
2260,280962
3910,59863
1700,20283
4470,35124
1800,6000
1630,1677
1030,9834
720,5100
1890,43560
1840,5550
2540,8400
3520,3944
3220,7875
1820,5000
1230,9600
1340,8505
1200,13100
1390,18200
1730,3884
1580,39189
3520,4895
2650,30500
1310,12750
2300,7989
1780,7280
1980,2850
1300,1676
3500,10155
1830,8004
1520,1245
2700,37011
2810,18731
1660,6263
1310,6738
2960,6000
2242,4995
2540,4775
1420,1192
1270,2356
1300,907
3190,7081
2910,5027
1630,3817
2300,8214
3310,5300
940,1768
1020,1350
1520,6380
2330,5000
1010,9600
1070,8000
3170,12750
3030,3841
2270,100545
2341,9594
2130,6150
2300,35722
1660,11783
2610,8760
2150,7007
2410,64073
1580,3680
1740,30886
1270,5000
2550,6000
1860,15559
2700,27072
1460,8710
1330,13102
2070,4132
1360,10726
2650,18295
3580,35261
2034,13392
1230,11413
2450,55387
2840,8346
3820,53574
2740,5925
2090,5289
6390,13180
2470,5080
1720,4080
3090,9571
2320,3825
1740,7700
2950,4502
4810,28008
1500,5412
1810,100188
1100,4128
1490,7435
1200,1259
1890,8505
2200,9840
2510,7992
1420,1309
2000,9900
1460,9052
3220,22588
1310,8454
690,5280
1150,10466
1480,7284
1850,6000
1930,4500
750,5120
1430,2003
1840,11440
1300,14350
1050,7577
2210,9371
3220,15600
4620,20793
1760,6204
850,6906
4690,14930
3920,37122
2140,3821
1180,9265
2360,11375
3060,9950
1670,7881
1820,5756
1970,9607
930,747
2300,5611
2590,18980
1450,8450
1540,5120
2730,22572
880,18205
3190,8195
1330,7600
1500,7200
740,7680
2560,5606
2540,4750
3200,203425
3330,4000
900,5220
1600,6180
970,5500
1130,2640
650,5400
2400,5000
2280,6031
3550,13900
2050,2772
830,1119
2440,4850
1600,1936
3190,31450
2550,4000
2180,7508
1410,9600
1410,5760
2340,8548
1320,9000
3990,13470
1270,7566
4380,47044
4250,8570
1860,8060
3770,37034
1530,8890
3570,8250
1740,5719
1670,8364
1570,9415
1590,1845
2980,5377
2690,4736
900,2910
1440,3700
3000,10392
1640,18144
3100,10200
4000,15253
2020,48693
1840,5000
2100,9984
2460,11250
2610,7510
1460,6377
1050,8498
1790,8144
2180,3375
2050,9583
2790,19439
1700,3333
2380,6832
2000,4211
1670,4008
1190,4750
3040,28535
780,3475
2330,11740
2840,4000
2490,5170
770,4840
1850,16960
1090,3264
1780,5336
930,29258
2770,5686
1250,6180
1830,6136
870,5400
1150,8450
4500,9648
1150,4800
2000,3672
1900,8240
1640,10695
2680,4775
2420,7307
1790,7650
3920,12415
1640,8400
890,8400
1910,16532
2140,7910
2030,17100
4225,284011
2680,9162
2030,3974
5850,22885
2060,8398
1060,3036
1010,8184
3310,127631
2000,10051
3070,8086
1270,1406
3110,49765
2110,18815
1400,11400
2310,5650
2700,16570
2370,15512
2760,6000
1610,6300
1230,8250
1900,11165
1580,8184
1940,2885
1620,6000
1940,5458
1230,8750
3160,5000
2700,21208
1880,6200
890,8100
1720,3676
1620,7686
1380,4390
1870,9000
1970,22144
1110,8593
1190,6833
1150,11802
2890,6825
1500,13430
1950,2617
1250,7700
2070,5415
4660,17398
1350,1493
1800,2790
1481,2820
1730,3600
2720,4613
2320,2267
1860,3730
2025,7760
1400,1312
2620,5477
2450,2691
1590,1102
2085,174240
3450,7832
1780,16290
3060,7140
1700,11475
1330,5926
3060,5000
1220,6000
1600,9289
1530,17664
1980,13964
1730,8490
1170,6700
1950,10766
1470,20000
1400,8840
4040,50479
3110,5000
1490,4400
1770,5750
3320,19850
950,5316
2430,5499
2660,10800
2670,11877
2720,7598
3200,22651
2480,37843
1780,10395
1590,11276
1550,34175
2850,14800
2600,5875
1230,7410
2080,16117
3600,6875
2110,8751
2550,19017
1650,6684
1370,1221
1010,7200
2330,26571
620,2475
2450,12497
2530,7350
2220,4652
2110,265716
3690,49709
1940,10200
2070,7350
2160,7826
2600,9900
2880,4000
2260,7200
3640,6930
1530,23660
2490,4000
1440,11787
3760,8500
1720,6975
2480,16360
3990,5267
840,3340
2270,11989
2580,5476
1580,6620
950,7954
3190,5040
3740,136915
2620,4743
2080,75794
1660,3729
1520,11085
1140,27760
3240,8016
2460,41343
1750,5080
2430,5000
1060,9946
2410,7479
720,8040
1260,9346
1640,12384
1310,9612
2120,6290
3320,478288
1210,9622
2590,12063
2250,7526
4040,20001
1090,6710
1660,15600
1780,81021
3370,5000
4480,5000
2990,16809
2280,19000
2480,5500
2830,8925
920,7569
3250,16684
1240,6417
3230,12100
2500,9583
1390,4482
1940,6654
1900,8002
2380,14500
1480,3876
3460,6738
1444,249126
1930,3031
1200,2171
1769,7324
2490,4540
3060,3898
3030,6625
2370,5353
1370,913
1500,11968
1715,6819
1110,3200
2400,8050
1520,213444
3190,10970
2400,5300
1060,7473
1220,15600
2020,8424
2300,7700
2300,37533
1660,1545
3900,9750
1650,12349
2110,35091
1960,6380
2770,63118
2440,7350
1320,8380
2570,4865
940,5040
700,4800
1400,45738
1890,7867
720,11400
2410,8944
1630,7950
2330,14322
1330,10838
3190,11597
1400,6300
970,9583
1010,9600
3580,54450
1050,2570
2500,7200
2630,4896
6640,53330
910,8789
2610,35000
1720,6194
3650,13297
2040,22693
3260,24300
1590,8911
1440,7100
900,3400
3120,4240
1060,1536
3000,9793
2230,5348
1890,5000
4150,16197
1780,10409
2710,6583
4390,13833
1640,4080
1670,4800
2570,10431
1500,3420
2710,19000
2860,48351
840,40642
2990,8913
1170,6757
1200,6240
1020,8100
910,8155
700,2500
2420,37800
1950,8712
3060,6000
1390,18000
1200,1687
2440,4153
2310,3075
2600,64626
1490,1212
2432,9391
3610,8580
2530,10000
2790,5527
1670,4440
1170,1456
1350,942
1110,1773
1100,638
2820,7200
1040,8128
1910,3376
1370,8499
1500,5000
1200,9087
1050,2542
2670,16777
2190,11500
3130,40918
1700,9100
1700,17355
1360,1275
1610,15005
2130,6222
1800,7650
2950,15540
2120,54014
3500,7048
1440,9220
2120,3360
1780,2067
960,8153
1510,4980
1010,5750
3790,5001
3600,8666
1300,7030
2500,4046
2090,10733
2200,14630
2070,15002
1320,7341
1360,60548
930,7623
1760,8584
1410,8100
2570,7859
1300,14197
1580,6300
2960,6031
2330,3497
2070,39446
970,5750
2310,7200
2290,11173
1720,9600
1190,3400
870,5750
1068,1758
2140,10316
3300,165528
4830,8050
2820,6589
2440,9664
1800,3245
1010,8800
3220,4392
5000,26540
1200,24792
1470,4322
2600,4506
2750,128502
1320,9967
3350,4007
2650,2387
1860,10856
960,8855
2010,6300
900,28800
2340,11784
3720,15048
1890,29185
2680,12215
1460,1613
3180,7904
1980,15086
1090,934
2230,5970
3330,9143
1880,3840
2870,5700
2120,9786
2700,6998
3670,7680
1220,1330
4390,11250
3560,5265
3530,8589
2280,5000
4350,7965
3830,221284
2050,13303
3660,39478
3350,46748
1270,3600
3400,3850
1200,8514
2200,11000
1680,11312
3840,8279
950,4500
2280,42077
1970,6600
1620,9310
2600,7200
1250,3825
2130,5080
2550,8976
1150,6000
1040,9000
3340,10422
2630,9420
1640,3896
770,7906
4350,112750
1700,5846
2050,9580
1660,5128
1990,9594
7050,42840
1770,7000
2440,47916
2620,51354
2440,11005
1080,7775
1090,10710
1400,13775
2010,7200
1640,12855
3290,5029
2510,14878
860,6050
2840,12866
1750,7020
1300,19163
3890,7216
1460,941
1410,3376
3770,10900
1190,4072
1410,6413
2500,4080
800,2280
2530,13446
2570,28500
2090,9620
2980,7781
1170,8239
2080,5100
3350,4000
1050,1029
900,13531
1050,5000
3740,32481
1430,4096
1400,9546
1600,45613
2880,9750
3140,5445
820,4320
5190,12637
2180,10140
910,2002
1580,8475
2130,6325
4570,16015
1240,11172
1860,6000
370,1801
3130,12087
2530,35150
3970,9778
1920,9680
2970,12750
2300,6087
1830,9601
1550,5053
4080,10666
1710,21485
2375,4094
2200,9778
3530,17450
1110,9012
1630,2566
2550,5055
2500,8866
2890,6885
1420,5000
4270,5800
2390,1984
2530,5048
2701,4500
3990,6637
2303,3826
1540,965
1450,1053
1160,1458
2910,6334
3770,8501
2900,10300
1540,3000
700,3000
3280,10302
2430,8960
1900,7984
1660,15050
1620,7992
2090,10800
1110,7231
3760,9792
2080,12134
1950,5950
2570,13054
2330,12141
3700,10375
1920,7738
1900,3960
1440,13296
2940,48788
2500,3080
2490,23891
1470,10052
2120,4558
1200,24805
2450,6994
1780,6000
1590,6700
2370,76665
1760,4000
1940,8170
3550,12327
2050,5787
1680,3179
1320,1800
1550,5511
2680,8625
2390,34041
2040,7260
2670,6517
1880,3720
2400,7700
2270,11472
1850,5444
2160,5005
2160,12960
1570,3600
1340,7200
3002,6042
2190,9072
2610,21600
1010,11919
2105,6093
2430,4748
4040,18916
2160,7737
900,9260
1820,1641
2100,13468
1520,7199
1310,7128
2190,9880
2950,5500
1870,7800
4660,5500
1840,9900
3180,9400
1500,4000
1730,7416
1580,7424
1540,1870
3390,3979
830,1858
2620,6178
2242,4500
2890,7798
1450,4050
800,2119
2280,2502
3850,62726
2270,6300
2250,5692
2600,11325
2490,9525
3160,8281
4930,25714
1440,11250
1770,8868
2300,6448
2980,16263
2230,7200
1830,7969
1740,10875
1530,6743
1520,9041
3230,5000
3620,4000
5070,60123
1570,8750
2080,7200
2230,8624
3420,18129
2790,6695
3150,4203
3930,10929
2190,4900
1890,6962
1900,76877
1930,3521
3316,11447
1380,4500
2080,2250
1240,5000
1020,8610
2360,4800
2780,33503
2300,13418
2020,4350
1840,10453
1390,4814
2060,11385
2640,35070
1980,10115
1810,5080
1700,9000
1200,6000
2980,3600
1350,1252
2360,10000
1190,6200
4110,43560
2800,10786
920,1598
1530,8000
860,5040
1520,3593
660,5240
3580,8921
3000,13899
2740,9629
2040,5523
2520,54160
2470,8800
1930,1348
2950,10254
2610,6405
1630,1526
1400,1022
1410,1005
4370,10860
5010,19412
2590,6160
1300,7200
2320,7609
2700,4275
2920,6513
3130,5700
1470,4950
1540,1326
3160,4620
1480,7700
3595,5639
1190,4440
2340,217014
1320,2500
1190,27007
2350,18600
1100,8560
1660,4704
3040,36246
1860,4777
4100,241322
4050,36171
1240,2500
2200,10800
1680,9090
930,5160
1800,22000
3000,8401
1820,12686
1995,7102
3990,9786
800,5192
960,9563
2286,8269
2220,11646
1940,7500
1640,7222
1120,10576
2600,4800
1490,4800
1650,3000
2400,6137
1500,6685
1990,12793
1130,746
2030,11070
1590,7920
1480,8394
2690,18653
3870,46609
1390,6000
1830,1850
1580,5750
2590,15229
2510,8050
1180,7300
1450,19206
3110,6765
2860,68519
2760,8476
2800,17788
1450,3748
2530,5650
1640,2808
2220,17568
2040,10086
1230,6000
1060,7700
1920,9625
1520,4170
3770,4103
3540,38322
5430,108900
2250,7904
2090,5195
1720,3012
1910,2091
1601,2491
1060,1209
2330,3920
2370,4200
1420,1237
2360,4000
1260,1575
3030,9053
1140,1201
2820,9375
1270,1372
3180,12600
2790,13791
2570,9503
1080,2674
3010,7221
2120,14915
1900,46609
2860,43821
910,10575
2850,37522
2560,2500
1570,16817
3110,108464
4740,126759
1340,13750
2600,6390
1070,8030
1820,9670
1060,3040
2220,4060
1350,8700
2510,9180
2340,13713
1060,7920
2200,8065
1400,8100
1520,7123
1810,3000
2360,11340
1210,1032
3420,25150
1810,4592
2760,10160
1950,9800
3830,48743
2060,7283
1650,6400
2100,11942
3720,57499
1920,8562
1860,217800
2290,3507
1200,9085
5270,53428
1600,2788
2560,4020
880,4000
1020,7920
960,9380
1900,7200
1320,6000
2230,9640
1150,7314
3440,6000
1070,8179
2250,3433
1910,10300
1180,16552
1400,7360
3580,9316
3176,13391
1170,1890
1570,4665
1460,15000
1140,10400
1150,9812
3180,31931
2630,6185
1940,5980
850,8050
1550,6039
2090,15000
3960,6654
1320,5000
3220,35400
800,7260
1660,9673
2250,11370
2120,13090
2310,4020
1920,7700
1550,9720
1785,779
1830,9848
3500,5040
2560,14680
1360,4840
6500,14986
3150,5500
810,4080
7320,217800
2790,17476
1920,3408
2530,14178
3490,8343
4710,11000
2050,16313
2410,8400
1180,8240
630,4200
3480,7800
1010,7683
1910,3481
2490,3582
2150,3143
3000,5470
2830,3496
2680,5539
1090,2686
1984,32400
3090,5859
2610,5140
3370,3634
2250,3916
1450,1387
3130,10849
2700,8572
1970,5400
1970,4166
1950,15954
1940,9887
3550,11000
2500,7394
2910,18700
3350,35298
2140,40098
4030,13474
1980,6660
1460,9908
1880,8800
2320,10900
2220,8227
1410,7200
1240,3500
2030,8426
4000,6015
490,38500
1590,3411
2630,5827
1350,4614
990,4440
3710,7984
990,8062
2510,4543
800,6500
1600,10183
3320,11340
1730,9230
2000,3988
2910,6308
1710,10440
1200,7800
2600,5100
1460,7926
4260,9800
2100,4480
4230,6420
1660,6250
1450,7200
1860,5040
2720,10006
2920,5500
1800,12196
1320,8830
1770,29004
2550,7725
2150,9000
3020,7465
960,27442
2783,11177
2250,14274
1710,8767
2650,9380
1830,1804
1460,3044
1760,6875
1960,6058
2010,7688
3670,9958
2290,9772
1780,5720
3080,35430
3360,15091
1370,6780
1660,8063
4440,10660
2850,209523
1530,2913
2100,8400
730,1942
1920,8223
1600,7324
2380,17199
2760,17377
1840,11367
2580,5750
2100,4750
1820,5015
4830,18707
1550,4980
1440,3600
930,6380
3560,12047
840,11600
4280,47179
1500,10018
3650,38546
780,3910
1600,5500
1120,8250
1010,9219
1970,37026
2230,4372
4290,20445
3160,76230
1850,5100
1980,8755
3360,9767
2660,192099
1200,7280
2150,5760
2820,5348
3510,9400
1790,3078
2700,6000
5780,17004
3730,4560
2540,5001
3300,8365
5430,10327
2550,5200
1390,1484
1270,1413
2380,5000
3360,22111
6070,171626
1240,57000
2930,14057
2410,102366
2980,5000
1950,2719
2600,36583
1170,8147
1470,6500
1840,5419
1560,7500
1520,7700
2220,4000
2800,9538
670,6300
1720,7885
2110,4038
1580,9187
2640,3680
2700,6515
2820,8159
3340,8930
1530,6000
3840,85728
2320,10960
2310,13430
1770,1235
3160,66646
1620,6630
1510,4235
960,8106
1740,8449
1470,8395
2460,4200
1170,8182
1210,7507
1870,7942
1950,5689
2570,5250
1460,10311
2970,23100
2040,21781
3240,6551
3150,67518
1820,8008
2130,35752
1430,8000
2030,6970
2000,5827
1940,6206
880,6780
950,9400
1670,1596
2670,10496
2700,1438
590,833
2160,8119
2700,8810
3206,5793
1560,9788
1400,6956
3090,6744
2630,16475
2190,11394
2100,9200
1120,5427
3260,19542
1180,7793
780,16344
2200,9397
1340,306848
1490,10125
2800,5900
2600,5390
3200,9200
3480,36615
3020,4082
1970,11088
1500,7112
3680,18804
1570,7200
2280,2289
1600,3573
1680,1570
1890,13860
520,22334
1780,191228
2920,33976
2430,73151
3010,1842
1620,30736
2200,188200
2950,78843
2170,10500
1770,17208
1830,8209
2380,7066
2550,10000
3720,11610
4630,6324
4430,9000
1490,1709
5030,11023
2180,22870
1590,131551
1510,7066
4210,10308
1640,9972
1840,1562
1040,5000
1250,4800
3690,12353
1530,7200
2110,3750
2150,4333
5340,10655
2420,7672
5010,34460
910,9612
2200,5000
3430,64441
1860,6687
3300,4545
1280,10716
1490,7770
2880,11965
1310,5200
1980,7403
2000,7900
1860,7440
1990,6180
1720,8300
1370,78408
4060,35621
1960,9898
1720,9600
2740,12899
1360,13372
1870,5449
720,4222
2180,7741
1430,8960
780,6685
1180,5002
1300,3731
4260,18000
2050,11900
2930,19876
1500,4120
5960,13703
810,4800
2320,4344
1090,5000
1000,4776
2260,19821
1290,5000
2120,7560
1490,4522
2310,5100
720,6000
1840,3035
2910,36250
3270,12880
3040,10257
1200,9936
2740,5616
2290,5350
2580,6000
1590,27200
1040,6860
1300,6710
2090,4698
2670,3800
1540,115434
3370,12447
1730,11325
1640,29970
2980,8051
1330,8100
2192,12128
2068,7242
1980,6250
1710,1664
890,4590
4280,9583
3080,12476
2070,7500
3010,7215
2030,9300
4060,19290
2340,16500
2340,5957
1470,7137
3700,21755
1200,7200
2910,53898
1910,7200
2880,13500
3240,6863
1590,8219
3690,11928
2480,5137
2683,40386
1100,8281
2080,3500
2210,10119
2420,4000
1240,1666
2300,3060
1760,12874
2020,8555
2500,5801
760,5500
1580,5340
2670,10481
1140,8366
3870,8225
2750,18029
1570,7000
1160,22470
2110,7665
1270,2509
3250,4500
940,9839
2310,68824
1130,12519
3020,13783
3210,14910
2650,40705
1150,8079
3910,19023
3490,5000
3330,19126
1940,5753
1800,2700
1880,11249
2870,6280
1960,11600
1810,7500
1490,6770
5230,17826
3390,9760
880,6413
2550,21675
3160,13194
4550,18641
3831,13800
1240,3000
2520,14021
2420,10200
1250,7400
1310,7300
1410,8053
990,9798
1000,8512
2000,7560
1120,5650
3370,7947
2210,4000
2640,6895
1150,887
2150,27540
4230,31747
1570,15330
1630,7700
2770,10274
1750,7800
1090,8160
930,7740
2100,4857
2540,38677
810,8424
1520,8040
690,1950
2370,3672
3500,8750
840,3400
1830,8734
1370,1524
2520,16100
2130,4920
2590,8483
1820,20011
1530,3210
4080,18362
1050,6600
1954,4805
1530,3503
1660,4800
3830,4800
1490,1036
1520,9030
8020,21738
2470,7410
870,4600
2110,12653
1990,4000
1560,7552
1740,4200
1290,4650
1700,8640
1880,10032
1890,3330
1620,1075
770,8149
2890,18226
1040,8892
2620,8331
1880,5752
2530,8169
2538,4600
1610,7223
1510,6360
1460,7573
3010,7014
2090,6630
1490,8102
